{"cameraMode":{"drawMode":0,"name":"Shaded","section":"Shading Mode"},"sceneLighting":true,"audioPlay":false,"sceneViewState":{"m_AlwaysRefresh":false,"showFog":true,"showSkybox":true,"showFlares":true,"showImageEffects":true,"showParticleSystems":true,"showVisualEffectGraphs":true,"m_FxEnabled":true},"in2DMode":false,"pivot":{"x":-0.7204638123512268,"y":-3.9506235122680666,"z":9.371160507202149},"rotation":{"x":0.1044323742389679,"y":-0.44376519322395327,"z":0.05216090381145477,"w":0.8885160684585571},"size":14.918067932128907,"orthographic":false}